{
  "dvt_flag": {
    "AUC": 0.6046844319775595
  },
  "pressure_flag": {
    "AUC": 0.7045496750232126
  }
}